hero,hero_slug,role,category,perk_type,perk_name,pick_rate,perk_slug,perk_image_url,perk_image_raw_url,hero_image_url,source_url,update_date
겐지,genji,Damage,damages,major,회전하는 칼날,73,blade_twisting,https://owperks.com/_next/image?url=%2Fperks-icons%2Fblade_twisting.webp&w=32&q=75,https://owperks.com/perks-icons/blade_twisting.webp,https://owperks.com/_next/image?url=%2Fheroes-icons%2Fgenji.webp&w=64&q=75,https://owperks.com/ko/damages/genji,2026-05-01
겐지,genji,Damage,damages,major,명상,27,meditation,https://owperks.com/_next/image?url=%2Fperks-icons%2Fmeditation.webp&w=32&q=75,https://owperks.com/perks-icons/meditation.webp,https://owperks.com/_next/image?url=%2Fheroes-icons%2Fgenji.webp&w=64&q=75,https://owperks.com/ko/damages/genji,2026-05-01
겐지,genji,Damage,damages,minor,용의 갈증,72,dragons_thirst,https://owperks.com/_next/image?url=%2Fperks-icons%2Fdragons_thirst.webp&w=32&q=75,https://owperks.com/perks-icons/dragons_thirst.webp,https://owperks.com/_next/image?url=%2Fheroes-icons%2Fgenji.webp&w=64&q=75,https://owperks.com/ko/damages/genji,2026-05-01
겐지,genji,Damage,damages,minor,신속 베기,28,swift_cuts,https://owperks.com/_next/image?url=%2Fperks-icons%2Fswift_cuts.webp&w=32&q=75,https://owperks.com/perks-icons/swift_cuts.webp,https://owperks.com/_next/image?url=%2Fheroes-icons%2Fgenji.webp&w=64&q=75,https://owperks.com/ko/damages/genji,2026-05-01
리퍼,reaper,Damage,damages,major,방아쇠 손가락,72,trigger_finger,https://owperks.com/_next/image?url=%2Fperks-icons%2Ftrigger_finger.webp&w=32&q=75,https://owperks.com/perks-icons/trigger_finger.webp,https://owperks.com/_next/image?url=%2Fheroes-icons%2Freaper.webp&w=64&q=75,https://owperks.com/ko/damages/reaper,2026-05-01
리퍼,reaper,Damage,damages,major,그림자 점멸,28,shadow_blink,https://owperks.com/_next/image?url=%2Fperks-icons%2Fshadow_blink.webp&w=32&q=75,https://owperks.com/perks-icons/shadow_blink.webp,https://owperks.com/_next/image?url=%2Fheroes-icons%2Freaper.webp&w=64&q=75,https://owperks.com/ko/damages/reaper,2026-05-01
리퍼,reaper,Damage,damages,minor,잔존하는 망령,83,lingering_wraith,https://owperks.com/_next/image?url=%2Fperks-icons%2Flingering_wraith.webp&w=32&q=75,https://owperks.com/perks-icons/lingering_wraith.webp,https://owperks.com/_next/image?url=%2Fheroes-icons%2Freaper.webp&w=64&q=75,https://owperks.com/ko/damages/reaper,2026-05-01
리퍼,reaper,Damage,damages,minor,영혼 갈탈자,17,soul_reaving,https://owperks.com/_next/image?url=%2Fperks-icons%2Fsoul_reaving.webp&w=32&q=75,https://owperks.com/perks-icons/soul_reaving.webp,https://owperks.com/_next/image?url=%2Fheroes-icons%2Freaper.webp&w=64&q=75,https://owperks.com/ko/damages/reaper,2026-05-01
메이,mei,Damage,damages,major,냉대,64,deep_freeze,https://owperks.com/_next/image?url=%2Fperks-icons%2Fdeep_freeze.webp&w=32&q=75,https://owperks.com/perks-icons/deep_freeze.webp,https://owperks.com/_next/image?url=%2Fheroes-icons%2Fmei.webp&w=64&q=75,https://owperks.com/ko/damages/mei,2026-05-01
메이,mei,Damage,damages,major,급속 폭풍,36,cryo_storm,https://owperks.com/_next/image?url=%2Fperks-icons%2Fcryo_storm.webp&w=32&q=75,https://owperks.com/perks-icons/cryo_storm.webp,https://owperks.com/_next/image?url=%2Fheroes-icons%2Fmei.webp&w=64&q=75,https://owperks.com/ko/damages/mei,2026-05-01
메이,mei,Damage,damages,minor,빙하 추진력,72,glacial_propulsion,https://owperks.com/_next/image?url=%2Fperks-icons%2Fglacial_propulsion.webp&w=32&q=75,https://owperks.com/perks-icons/glacial_propulsion.webp,https://owperks.com/_next/image?url=%2Fheroes-icons%2Fmei.webp&w=64&q=75,https://owperks.com/ko/damages/mei,2026-05-01
메이,mei,Damage,damages,minor,스케이트장,28,skating_rink,https://owperks.com/_next/image?url=%2Fperks-icons%2Fskating_rink.webp&w=32&q=75,https://owperks.com/perks-icons/skating_rink.webp,https://owperks.com/_next/image?url=%2Fheroes-icons%2Fmei.webp&w=64&q=75,https://owperks.com/ko/damages/mei,2026-05-01
바스티온,bastion,Damage,damages,major,자가 수리,72,self_repair,https://owperks.com/_next/image?url=%2Fperks-icons%2Fself_repair.webp&w=32&q=75,https://owperks.com/perks-icons/self_repair.webp,https://owperks.com/_next/image?url=%2Fheroes-icons%2Fbastion.webp&w=64&q=75,https://owperks.com/ko/damages/bastion,2026-05-01
바스티온,bastion,Damage,damages,major,린드홀름 폭발물,28,lindholm_explosives,https://owperks.com/_next/image?url=%2Fperks-icons%2Flindholm_explosives.webp&w=32&q=75,https://owperks.com/perks-icons/lindholm_explosives.webp,https://owperks.com/_next/image?url=%2Fheroes-icons%2Fbastion.webp&w=64&q=75,https://owperks.com/ko/damages/bastion,2026-05-01
바스티온,bastion,Damage,damages,minor,설정: 재장전,87,configuration_reload,https://owperks.com/_next/image?url=%2Fperks-icons%2Fconfiguration_reload.webp&w=32&q=75,https://owperks.com/perks-icons/configuration_reload.webp,https://owperks.com/_next/image?url=%2Fheroes-icons%2Fbastion.webp&w=64&q=75,https://owperks.com/ko/damages/bastion,2026-05-01
바스티온,bastion,Damage,damages,minor,모자 포격기,13,armored_artillery,https://owperks.com/_next/image?url=%2Fperks-icons%2Farmored_artillery.webp&w=32&q=75,https://owperks.com/perks-icons/armored_artillery.webp,https://owperks.com/_next/image?url=%2Fheroes-icons%2Fbastion.webp&w=64&q=75,https://owperks.com/ko/damages/bastion,2026-05-01
벤데타,vendetta,Damage,damages,major,착취의 칼날,83,siphoning_strike,https://owperks.com/_next/image?url=%2Fperks-icons%2Fsiphoning_strike.webp&w=32&q=75,https://owperks.com/perks-icons/siphoning_strike.webp,https://owperks.com/_next/image?url=%2Fheroes-icons%2Fvendetta.webp&w=64&q=75,https://owperks.com/ko/damages/vendetta,2026-05-01
벤데타,vendetta,Damage,damages,major,무자비,17,relentless,https://owperks.com/_next/image?url=%2Fperks-icons%2Frelentless.webp&w=32&q=75,https://owperks.com/perks-icons/relentless.webp,https://owperks.com/_next/image?url=%2Fheroes-icons%2Fvendetta.webp&w=64&q=75,https://owperks.com/ko/damages/vendetta,2026-05-01
벤데타,vendetta,Damage,damages,minor,맹렬한 폭풍,72,raging_storm,https://owperks.com/_next/image?url=%2Fperks-icons%2Fraging_storm.webp&w=32&q=75,https://owperks.com/perks-icons/raging_storm.webp,https://owperks.com/_next/image?url=%2Fheroes-icons%2Fvendetta.webp&w=64&q=75,https://owperks.com/ko/damages/vendetta,2026-05-01
벤데타,vendetta,Damage,damages,minor,추가 칼날,28,extra_edge,https://owperks.com/_next/image?url=%2Fperks-icons%2Fextra_edge.webp&w=32&q=75,https://owperks.com/perks-icons/extra_edge.webp,https://owperks.com/_next/image?url=%2Fheroes-icons%2Fvendetta.webp&w=64&q=75,https://owperks.com/ko/damages/vendetta,2026-05-01
벤처,venture,Damage,damages,major,스마트 연장기,82,smart_extender,https://owperks.com/_next/image?url=%2Fperks-icons%2Fsmart_extender.webp&w=32&q=75,https://owperks.com/perks-icons/smart_extender.webp,https://owperks.com/_next/image?url=%2Fheroes-icons%2Fventure.webp&w=64&q=75,https://owperks.com/ko/damages/venture,2026-05-01
벤처,venture,Damage,damages,major,먼지투성이,18,covered_in_dirt,https://owperks.com/_next/image?url=%2Fperks-icons%2Fcovered_in_dirt.webp&w=32&q=75,https://owperks.com/perks-icons/covered_in_dirt.webp,https://owperks.com/_next/image?url=%2Fheroes-icons%2Fventure.webp&w=64&q=75,https://owperks.com/ko/damages/venture,2026-05-01
벤처,venture,Damage,damages,minor,발굴의 쾌감,72,excavation_exhilaration,https://owperks.com/_next/image?url=%2Fperks-icons%2Fexcavation_exhilaration.webp&w=32&q=75,https://owperks.com/perks-icons/excavation_exhilaration.webp,https://owperks.com/_next/image?url=%2Fheroes-icons%2Fventure.webp&w=64&q=75,https://owperks.com/ko/damages/venture,2026-05-01
벤처,venture,Damage,damages,minor,심층 잠복,28,deep_burrow,https://owperks.com/_next/image?url=%2Fperks-icons%2Fdeep_burrow.webp&w=32&q=75,https://owperks.com/perks-icons/deep_burrow.webp,https://owperks.com/_next/image?url=%2Fheroes-icons%2Fventure.webp&w=64&q=75,https://owperks.com/ko/damages/venture,2026-05-01
소전,sojourn,Damage,damages,major,이중 추진기,75,dual_thrusters,https://owperks.com/_next/image?url=%2Fperks-icons%2Fdual_thrusters.webp&w=32&q=75,https://owperks.com/perks-icons/dual_thrusters.webp,https://owperks.com/_next/image?url=%2Fheroes-icons%2Fsojourn.webp&w=64&q=75,https://owperks.com/ko/damages/sojourn,2026-05-01
소전,sojourn,Damage,damages,major,마찰 생성기,25,friction_generators,https://owperks.com/_next/image?url=%2Fperks-icons%2Ffriction_generators.webp&w=32&q=75,https://owperks.com/perks-icons/friction_generators.webp,https://owperks.com/_next/image?url=%2Fheroes-icons%2Fsojourn.webp&w=64&q=75,https://owperks.com/ko/damages/sojourn,2026-05-01
소전,sojourn,Damage,damages,minor,감속장,52,deceleration_field,https://owperks.com/_next/image?url=%2Fperks-icons%2Fdeceleration_field.webp&w=32&q=75,https://owperks.com/perks-icons/deceleration_field.webp,https://owperks.com/_next/image?url=%2Fheroes-icons%2Fsojourn.webp&w=64&q=75,https://owperks.com/ko/damages/sojourn,2026-05-01
소전,sojourn,Damage,damages,minor,과충전,48,overcharged,https://owperks.com/_next/image?url=%2Fperks-icons%2Fovercharged.webp&w=32&q=75,https://owperks.com/perks-icons/overcharged.webp,https://owperks.com/_next/image?url=%2Fheroes-icons%2Fsojourn.webp&w=64&q=75,https://owperks.com/ko/damages/sojourn,2026-05-01
솔저: 76,soldier-76,Damage,damages,major,전투자극제,77,stim_pack,https://owperks.com/_next/image?url=%2Fperks-icons%2Fstim_pack.webp&w=32&q=75,https://owperks.com/perks-icons/stim_pack.webp,https://owperks.com/_next/image?url=%2Fheroes-icons%2Fsoldier-76.webp&w=64&q=75,https://owperks.com/ko/damages/soldier-76,2026-05-01
솔저: 76,soldier-76,Damage,damages,major,전속력,23,full_stride,https://owperks.com/_next/image?url=%2Fperks-icons%2Ffull_stride.webp&w=32&q=75,https://owperks.com/perks-icons/full_stride.webp,https://owperks.com/_next/image?url=%2Fheroes-icons%2Fsoldier-76.webp&w=64&q=75,https://owperks.com/ko/damages/soldier-76,2026-05-01
솔저: 76,soldier-76,Damage,damages,minor,나선 추진,74,helix_propulsion,https://owperks.com/_next/image?url=%2Fperks-icons%2Fhelix_propulsion.webp&w=32&q=75,https://owperks.com/perks-icons/helix_propulsion.webp,https://owperks.com/_next/image?url=%2Fheroes-icons%2Fsoldier-76.webp&w=64&q=75,https://owperks.com/ko/damages/soldier-76,2026-05-01
솔저: 76,soldier-76,Damage,damages,minor,전술 일제 사격,26,tactical_salvo,https://owperks.com/_next/image?url=%2Fperks-icons%2Ftactical_salvo.webp&w=32&q=75,https://owperks.com/perks-icons/tactical_salvo.webp,https://owperks.com/_next/image?url=%2Fheroes-icons%2Fsoldier-76.webp&w=64&q=75,https://owperks.com/ko/damages/soldier-76,2026-05-01
솜브라,sombra,Damage,damages,major,바이러스 복제,73,viral_replication,https://owperks.com/_next/image?url=%2Fperks-icons%2Fviral_replication.webp&w=32&q=75,https://owperks.com/perks-icons/viral_replication.webp,https://owperks.com/_next/image?url=%2Fheroes-icons%2Fsombra.webp&w=64&q=75,https://owperks.com/ko/damages/sombra,2026-05-01
솜브라,sombra,Damage,damages,major,고속 대역폭,27,high_speed_bandwidth,https://owperks.com/_next/image?url=%2Fperks-icons%2Fhigh_speed_bandwidth.webp&w=32&q=75,https://owperks.com/perks-icons/high_speed_bandwidth.webp,https://owperks.com/_next/image?url=%2Fheroes-icons%2Fsombra.webp&w=64&q=75,https://owperks.com/ko/damages/sombra,2026-05-01
솜브라,sombra,Damage,damages,minor,CTRL ALT ESC,76,ctrl_alt_esc,https://owperks.com/_next/image?url=%2Fperks-icons%2Fctrl_alt_esc.webp&w=32&q=75,https://owperks.com/perks-icons/ctrl_alt_esc.webp,https://owperks.com/_next/image?url=%2Fheroes-icons%2Fsombra.webp&w=64&q=75,https://owperks.com/ko/damages/sombra,2026-05-01
솜브라,sombra,Damage,damages,minor,암호화 업로드,24,encrypted_upload,https://owperks.com/_next/image?url=%2Fperks-icons%2Fencrypted_upload.webp&w=32&q=75,https://owperks.com/perks-icons/encrypted_upload.webp,https://owperks.com/_next/image?url=%2Fheroes-icons%2Fsombra.webp&w=64&q=75,https://owperks.com/ko/damages/sombra,2026-05-01
시메트라,symmetra,Damage,damages,major,보호막 배터리,78,shield_battery,https://owperks.com/_next/image?url=%2Fperks-icons%2Fshield_battery.webp&w=32&q=75,https://owperks.com/perks-icons/shield_battery.webp,https://owperks.com/_next/image?url=%2Fheroes-icons%2Fsymmetra.webp&w=64&q=75,https://owperks.com/ko/damages/symmetra,2026-05-01
시메트라,symmetra,Damage,damages,major,호버 방벽,22,hovering_barrier,https://owperks.com/_next/image?url=%2Fperks-icons%2Fhovering_barrier.webp&w=32&q=75,https://owperks.com/perks-icons/hovering_barrier.webp,https://owperks.com/_next/image?url=%2Fheroes-icons%2Fsymmetra.webp&w=64&q=75,https://owperks.com/ko/damages/symmetra,2026-05-01
시메트라,symmetra,Damage,damages,minor,완벽한 정렬,79,perfect_alignment,https://owperks.com/_next/image?url=%2Fperks-icons%2Fperfect_alignment.webp&w=32&q=75,https://owperks.com/perks-icons/perfect_alignment.webp,https://owperks.com/_next/image?url=%2Fheroes-icons%2Fsymmetra.webp&w=64&q=75,https://owperks.com/ko/damages/symmetra,2026-05-01
시메트라,symmetra,Damage,damages,minor,포탑 용량,21,sentry_capacity,https://owperks.com/_next/image?url=%2Fperks-icons%2Fsentry_capacity.webp&w=32&q=75,https://owperks.com/perks-icons/sentry_capacity.webp,https://owperks.com/_next/image?url=%2Fheroes-icons%2Fsymmetra.webp&w=64&q=75,https://owperks.com/ko/damages/symmetra,2026-05-01
시에라,sierra,Damage,damages,major,대상 포착,82,locked_in,https://owperks.com/_next/image?url=%2Fperks-icons%2Flocked_in.webp&w=32&q=75,https://owperks.com/perks-icons/locked_in.webp,https://owperks.com/_next/image?url=%2Fheroes-icons%2Fsierra.webp&w=64&q=75,https://owperks.com/ko/damages/sierra,2026-05-01
시에라,sierra,Damage,damages,major,의료 드론,18,medi_drone,https://owperks.com/_next/image?url=%2Fperks-icons%2Fmedi_drone.webp&w=32&q=75,https://owperks.com/perks-icons/medi_drone.webp,https://owperks.com/_next/image?url=%2Fheroes-icons%2Fsierra.webp&w=64&q=75,https://owperks.com/ko/damages/sierra,2026-05-01
시에라,sierra,Damage,damages,minor,단단한 손아귀,73,tight_grip,https://owperks.com/_next/image?url=%2Fperks-icons%2Ftight_grip.webp&w=32&q=75,https://owperks.com/perks-icons/tight_grip.webp,https://owperks.com/_next/image?url=%2Fheroes-icons%2Fsierra.webp&w=64&q=75,https://owperks.com/ko/damages/sierra,2026-05-01
시에라,sierra,Damage,damages,minor,전력 비행,27,full_flight,https://owperks.com/_next/image?url=%2Fperks-icons%2Ffull_flight.webp&w=32&q=75,https://owperks.com/perks-icons/full_flight.webp,https://owperks.com/_next/image?url=%2Fheroes-icons%2Fsierra.webp&w=64&q=75,https://owperks.com/ko/damages/sierra,2026-05-01
안란,anran,Damage,damages,major,꿈꾸는 불꽃,78,hungering_blaze,https://owperks.com/_next/image?url=%2Fperks-icons%2Fhungering_blaze.webp&w=32&q=75,https://owperks.com/perks-icons/hungering_blaze.webp,https://owperks.com/_next/image?url=%2Fheroes-icons%2Fanran.webp&w=64&q=75,https://owperks.com/ko/damages/anran,2026-05-01
안란,anran,Damage,damages,major,급한 성미,22,short_fuse,https://owperks.com/_next/image?url=%2Fperks-icons%2Fshort_fuse.webp&w=32&q=75,https://owperks.com/perks-icons/short_fuse.webp,https://owperks.com/_next/image?url=%2Fheroes-icons%2Fanran.webp&w=64&q=75,https://owperks.com/ko/damages/anran,2026-05-01
안란,anran,Damage,damages,minor,불씨,74,smoulder,https://owperks.com/_next/image?url=%2Fperks-icons%2Fsmoulder.webp&w=32&q=75,https://owperks.com/perks-icons/smoulder.webp,https://owperks.com/_next/image?url=%2Fheroes-icons%2Fanran.webp&w=64&q=75,https://owperks.com/ko/damages/anran,2026-05-01
안란,anran,Damage,damages,minor,열 보호막,26,heat_shield,https://owperks.com/_next/image?url=%2Fperks-icons%2Fheat_shield.webp&w=32&q=75,https://owperks.com/perks-icons/heat_shield.webp,https://owperks.com/_next/image?url=%2Fheroes-icons%2Fanran.webp&w=64&q=75,https://owperks.com/ko/damages/anran,2026-05-01
애쉬,ashe,Damage,damages,major,독사의 침,83,vipers_sting,https://owperks.com/_next/image?url=%2Fperks-icons%2Fvipers_sting.webp&w=32&q=75,https://owperks.com/perks-icons/vipers_sting.webp,https://owperks.com/_next/image?url=%2Fheroes-icons%2Fashe.webp&w=64&q=75,https://owperks.com/ko/damages/ashe,2026-05-01
애쉬,ashe,Damage,damages,major,공중 폭발,17,airburst,https://owperks.com/_next/image?url=%2Fperks-icons%2Fairburst.webp&w=32&q=75,https://owperks.com/perks-icons/airburst.webp,https://owperks.com/_next/image?url=%2Fheroes-icons%2Fashe.webp&w=64&q=75,https://owperks.com/ko/damages/ashe,2026-05-01
애쉬,ashe,Damage,damages,minor,원격 기폭,80,remote_detonator,https://owperks.com/_next/image?url=%2Fperks-icons%2Fremote_detonator.webp&w=32&q=75,https://owperks.com/perks-icons/remote_detonator.webp,https://owperks.com/_next/image?url=%2Fheroes-icons%2Fashe.webp&w=64&q=75,https://owperks.com/ko/damages/ashe,2026-05-01
애쉬,ashe,Damage,damages,minor,이중 총열,20,double_barreled,https://owperks.com/_next/image?url=%2Fperks-icons%2Fdouble_barreled.webp&w=32&q=75,https://owperks.com/perks-icons/double_barreled.webp,https://owperks.com/_next/image?url=%2Fheroes-icons%2Fashe.webp&w=64&q=75,https://owperks.com/ko/damages/ashe,2026-05-01
에코,echo,Damage,damages,major,전탄 발사,96,full_salvo,https://owperks.com/_next/image?url=%2Fperks-icons%2Ffull_salvo.webp&w=32&q=75,https://owperks.com/perks-icons/full_salvo.webp,https://owperks.com/_next/image?url=%2Fheroes-icons%2Fecho.webp&w=64&q=75,https://owperks.com/ko/damages/echo,2026-05-01
에코,echo,Damage,damages,major,상향등,4,high_beams,https://owperks.com/_next/image?url=%2Fperks-icons%2Fhigh_beams.webp&w=32&q=75,https://owperks.com/perks-icons/high_beams.webp,https://owperks.com/_next/image?url=%2Fheroes-icons%2Fecho.webp&w=64&q=75,https://owperks.com/ko/damages/echo,2026-05-01
에코,echo,Damage,damages,minor,부분 스캔,82,partial_scan,https://owperks.com/_next/image?url=%2Fperks-icons%2Fpartial_scan.webp&w=32&q=75,https://owperks.com/perks-icons/partial_scan.webp,https://owperks.com/_next/image?url=%2Fheroes-icons%2Fecho.webp&w=64&q=75,https://owperks.com/ko/damages/echo,2026-05-01
에코,echo,Damage,damages,minor,집중 돌진,18,focused_rush,https://owperks.com/_next/image?url=%2Fperks-icons%2Ffocused_rush.webp&w=32&q=75,https://owperks.com/perks-icons/focused_rush.webp,https://owperks.com/_next/image?url=%2Fheroes-icons%2Fecho.webp&w=64&q=75,https://owperks.com/ko/damages/echo,2026-05-01
엠레,emre,Damage,damages,major,히트 싱크,72,heat_sink,https://owperks.com/_next/image?url=%2Fperks-icons%2Fheat_sink.webp&w=32&q=75,https://owperks.com/perks-icons/heat_sink.webp,https://owperks.com/_next/image?url=%2Fheroes-icons%2Femre.webp&w=64&q=75,https://owperks.com/ko/damages/emre,2026-05-01
엠레,emre,Damage,damages,major,사이버 부착,28,cyber_adhesion,https://owperks.com/_next/image?url=%2Fperks-icons%2Fcyber_adhesion.webp&w=32&q=75,https://owperks.com/perks-icons/cyber_adhesion.webp,https://owperks.com/_next/image?url=%2Fheroes-icons%2Femre.webp&w=64&q=75,https://owperks.com/ko/damages/emre,2026-05-01
엠레,emre,Damage,damages,minor,향상된 민첩성,75,enhanced_agility,https://owperks.com/_next/image?url=%2Fperks-icons%2Fenhanced_agility.webp&w=32&q=75,https://owperks.com/perks-icons/enhanced_agility.webp,https://owperks.com/_next/image?url=%2Fheroes-icons%2Femre.webp&w=64&q=75,https://owperks.com/ko/damages/emre,2026-05-01
엠레,emre,Damage,damages,minor,제약 보정,25,suppressive_security,https://owperks.com/_next/image?url=%2Fperks-icons%2Fsuppressive_security.webp&w=32&q=75,https://owperks.com/perks-icons/suppressive_security.webp,https://owperks.com/_next/image?url=%2Fheroes-icons%2Femre.webp&w=64&q=75,https://owperks.com/ko/damages/emre,2026-05-01
위도우메이커,widowmaker,Damage,damages,major,위도우의 독니,91,widows_bite,https://owperks.com/_next/image?url=%2Fperks-icons%2Fwidows_bite.webp&w=32&q=75,https://owperks.com/perks-icons/widows_bite.webp,https://owperks.com/_next/image?url=%2Fheroes-icons%2Fwidowmaker.webp&w=64&q=75,https://owperks.com/ko/damages/widowmaker,2026-05-01
위도우메이커,widowmaker,Damage,damages,major,추적 지뢰,9,seeker_mine,https://owperks.com/_next/image?url=%2Fperks-icons%2Fseeker_mine.webp&w=32&q=75,https://owperks.com/perks-icons/seeker_mine.webp,https://owperks.com/_next/image?url=%2Fheroes-icons%2Fwidowmaker.webp&w=64&q=75,https://owperks.com/ko/damages/widowmaker,2026-05-01
위도우메이커,widowmaker,Damage,damages,minor,저격 효율,78,scoped_efficiency,https://owperks.com/_next/image?url=%2Fperks-icons%2Fscoped_efficiency.webp&w=32&q=75,https://owperks.com/perks-icons/scoped_efficiency.webp,https://owperks.com/_next/image?url=%2Fheroes-icons%2Fwidowmaker.webp&w=64&q=75,https://owperks.com/ko/damages/widowmaker,2026-05-01
위도우메이커,widowmaker,Damage,damages,minor,저격수의 본능,22,snipers_instinct,https://owperks.com/_next/image?url=%2Fperks-icons%2Fsnipers_instinct.webp&w=32&q=75,https://owperks.com/perks-icons/snipers_instinct.webp,https://owperks.com/_next/image?url=%2Fheroes-icons%2Fwidowmaker.webp&w=64&q=75,https://owperks.com/ko/damages/widowmaker,2026-05-01
정크랫,junkrat,Damage,damages,major,폭탄 발사포,84,frag_cannon,https://owperks.com/_next/image?url=%2Fperks-icons%2Ffrag_cannon.webp&w=32&q=75,https://owperks.com/perks-icons/frag_cannon.webp,https://owperks.com/_next/image?url=%2Fheroes-icons%2Fjunkrat.webp&w=64&q=75,https://owperks.com/ko/damages/junkrat,2026-05-01
정크랫,junkrat,Damage,damages,major,지뢰 재활용,16,mine_recycling,https://owperks.com/_next/image?url=%2Fperks-icons%2Fmine_recycling.webp&w=32&q=75,https://owperks.com/perks-icons/mine_recycling.webp,https://owperks.com/_next/image?url=%2Fheroes-icons%2Fjunkrat.webp&w=64&q=75,https://owperks.com/ko/damages/junkrat,2026-05-01
정크랫,junkrat,Damage,damages,minor,빵 터지는 여행,55,bomb_voyage,https://owperks.com/_next/image?url=%2Fperks-icons%2Fbomb_voyage.webp&w=32&q=75,https://owperks.com/perks-icons/bomb_voyage.webp,https://owperks.com/_next/image?url=%2Fheroes-icons%2Fjunkrat.webp&w=64&q=75,https://owperks.com/ko/damages/junkrat,2026-05-01
정크랫,junkrat,Damage,damages,minor,니트로 부스트,45,nitro_boost,https://owperks.com/_next/image?url=%2Fperks-icons%2Fnitro_boost.webp&w=32&q=75,https://owperks.com/perks-icons/nitro_boost.webp,https://owperks.com/_next/image?url=%2Fheroes-icons%2Fjunkrat.webp&w=64&q=75,https://owperks.com/ko/damages/junkrat,2026-05-01
캐서디,cassidy,Damage,damages,major,은 탄환,74,silver_bullet,https://owperks.com/_next/image?url=%2Fperks-icons%2Fsilver_bullet.webp&w=32&q=75,https://owperks.com/perks-icons/silver_bullet.webp,https://owperks.com/_next/image?url=%2Fheroes-icons%2Fcassidy.webp&w=64&q=75,https://owperks.com/ko/damages/cassidy,2026-05-01
캐서디,cassidy,Damage,damages,major,굴러 많이,26,rollin_round_up,https://owperks.com/_next/image?url=%2Fperks-icons%2Frollin_round_up.webp&w=32&q=75,https://owperks.com/perks-icons/rollin_round_up.webp,https://owperks.com/_next/image?url=%2Fheroes-icons%2Fcassidy.webp&w=64&q=75,https://owperks.com/ko/damages/cassidy,2026-05-01
캐서디,cassidy,Damage,damages,minor,번쩍번쩍,94,bang_bang,https://owperks.com/_next/image?url=%2Fperks-icons%2Fbang_bang.webp&w=32&q=75,https://owperks.com/perks-icons/bang_bang.webp,https://owperks.com/_next/image?url=%2Fheroes-icons%2Fcassidy.webp&w=64&q=75,https://owperks.com/ko/damages/cassidy,2026-05-01
캐서디,cassidy,Damage,damages,minor,공평한 승부,6,even_the_odds,https://owperks.com/_next/image?url=%2Fperks-icons%2Feven_the_odds.webp&w=32&q=75,https://owperks.com/perks-icons/even_the_odds.webp,https://owperks.com/_next/image?url=%2Fheroes-icons%2Fcassidy.webp&w=64&q=75,https://owperks.com/ko/damages/cassidy,2026-05-01
토르비욘,torbjorn,Damage,damages,major,고정 나사,82,anchor_bolts,https://owperks.com/_next/image?url=%2Fperks-icons%2Fanchor_bolts.webp&w=32&q=75,https://owperks.com/perks-icons/anchor_bolts.webp,https://owperks.com/_next/image?url=%2Fheroes-icons%2Ftorbjorn.webp&w=64&q=75,https://owperks.com/ko/damages/torbjorn,2026-05-01
토르비욘,torbjorn,Damage,damages,major,포탑 과부하,18,overloaded_turret,https://owperks.com/_next/image?url=%2Fperks-icons%2Foverloaded_turret.webp&w=32&q=75,https://owperks.com/perks-icons/overloaded_turret.webp,https://owperks.com/_next/image?url=%2Fheroes-icons%2Ftorbjorn.webp&w=64&q=75,https://owperks.com/ko/damages/torbjorn,2026-05-01
토르비욘,torbjorn,Damage,damages,minor,예열 완료,66,pre_heated,https://owperks.com/_next/image?url=%2Fperks-icons%2Fpre_heated.webp&w=32&q=75,https://owperks.com/perks-icons/pre_heated.webp,https://owperks.com/_next/image?url=%2Fheroes-icons%2Ftorbjorn.webp&w=64&q=75,https://owperks.com/ko/damages/torbjorn,2026-05-01
토르비욘,torbjorn,Damage,damages,minor,망치질 개시,34,hammer_time,https://owperks.com/_next/image?url=%2Fperks-icons%2Fhammer_time.webp&w=32&q=75,https://owperks.com/perks-icons/hammer_time.webp,https://owperks.com/_next/image?url=%2Fheroes-icons%2Ftorbjorn.webp&w=64&q=75,https://owperks.com/ko/damages/torbjorn,2026-05-01
트레이서,tracer,Damage,damages,major,점멸 팩,51,blink_packs,https://owperks.com/_next/image?url=%2Fperks-icons%2Fblink_packs.webp&w=32&q=75,https://owperks.com/perks-icons/blink_packs.webp,https://owperks.com/_next/image?url=%2Fheroes-icons%2Ftracer.webp&w=64&q=75,https://owperks.com/ko/damages/tracer,2026-05-01
트레이서,tracer,Damage,damages,major,양자 얽힘,49,quantum_entanglement,https://owperks.com/_next/image?url=%2Fperks-icons%2Fquantum_entanglement.webp&w=32&q=75,https://owperks.com/perks-icons/quantum_entanglement.webp,https://owperks.com/_next/image?url=%2Fheroes-icons%2Ftracer.webp&w=64&q=75,https://owperks.com/ko/damages/tracer,2026-05-01
트레이서,tracer,Damage,damages,minor,키네틱 재장전,72,kinetic_reload,https://owperks.com/_next/image?url=%2Fperks-icons%2Fkinetic_reload.webp&w=32&q=75,https://owperks.com/perks-icons/kinetic_reload.webp,https://owperks.com/_next/image?url=%2Fheroes-icons%2Ftracer.webp&w=64&q=75,https://owperks.com/ko/damages/tracer,2026-05-01
트레이서,tracer,Damage,damages,minor,시간 질주,28,chronal_dash,https://owperks.com/_next/image?url=%2Fperks-icons%2Fchronal_dash.webp&w=32&q=75,https://owperks.com/perks-icons/chronal_dash.webp,https://owperks.com/_next/image?url=%2Fheroes-icons%2Ftracer.webp&w=64&q=75,https://owperks.com/ko/damages/tracer,2026-05-01
파라,pharah,Damage,damages,major,로켓 투하,84,rocket_salvo,https://owperks.com/_next/image?url=%2Fperks-icons%2Frocket_salvo.webp&w=32&q=75,https://owperks.com/perks-icons/rocket_salvo.webp,https://owperks.com/_next/image?url=%2Fheroes-icons%2Fpharah.webp&w=64&q=75,https://owperks.com/ko/damages/pharah,2026-05-01
파라,pharah,Damage,damages,major,연료 저장,16,fuel_stores,https://owperks.com/_next/image?url=%2Fperks-icons%2Ffuel_stores.webp&w=32&q=75,https://owperks.com/perks-icons/fuel_stores.webp,https://owperks.com/_next/image?url=%2Fheroes-icons%2Fpharah.webp&w=64&q=75,https://owperks.com/ko/damages/pharah,2026-05-01
파라,pharah,Damage,damages,minor,충격력,71,concussive_force,https://owperks.com/_next/image?url=%2Fperks-icons%2Fconcussive_force.webp&w=32&q=75,https://owperks.com/perks-icons/concussive_force.webp,https://owperks.com/_next/image?url=%2Fheroes-icons%2Fpharah.webp&w=64&q=75,https://owperks.com/ko/damages/pharah,2026-05-01
파라,pharah,Damage,damages,minor,나선 보호막,29,helix_shields,https://owperks.com/_next/image?url=%2Fperks-icons%2Fhelix_shields.webp&w=32&q=75,https://owperks.com/perks-icons/helix_shields.webp,https://owperks.com/_next/image?url=%2Fheroes-icons%2Fpharah.webp&w=64&q=75,https://owperks.com/ko/damages/pharah,2026-05-01
프레야,freja,Damage,damages,major,공중 회복,71,aerial_recovery,https://owperks.com/_next/image?url=%2Fperks-icons%2Faerial_recovery.webp&w=32&q=75,https://owperks.com/perks-icons/aerial_recovery.webp,https://owperks.com/_next/image?url=%2Fheroes-icons%2Ffreja.webp&w=64&q=75,https://owperks.com/ko/damages/freja,2026-05-01
프레야,freja,Damage,damages,major,솟구치는 바람,29,rising_winds,https://owperks.com/_next/image?url=%2Fperks-icons%2Frising_winds.webp&w=32&q=75,https://owperks.com/perks-icons/rising_winds.webp,https://owperks.com/_next/image?url=%2Fheroes-icons%2Ffreja.webp&w=64&q=75,https://owperks.com/ko/damages/freja,2026-05-01
프레야,freja,Damage,damages,minor,가용한 포화,55,relentless_barrage,https://owperks.com/_next/image?url=%2Fperks-icons%2Frelentless_barrage.webp&w=32&q=75,https://owperks.com/perks-icons/relentless_barrage.webp,https://owperks.com/_next/image?url=%2Fheroes-icons%2Ffreja.webp&w=64&q=75,https://owperks.com/ko/damages/freja,2026-05-01
프레야,freja,Damage,damages,minor,가속 증폭,45,momentum_boost,https://owperks.com/_next/image?url=%2Fperks-icons%2Fmomentum_boost.webp&w=32&q=75,https://owperks.com/perks-icons/momentum_boost.webp,https://owperks.com/_next/image?url=%2Fheroes-icons%2Ffreja.webp&w=64&q=75,https://owperks.com/ko/damages/freja,2026-05-01
한조,hanzo,Damage,damages,major,냉기 화살,68,frost_arrow,https://owperks.com/_next/image?url=%2Fperks-icons%2Ffrost_arrow.webp&w=32&q=75,https://owperks.com/perks-icons/frost_arrow.webp,https://owperks.com/_next/image?url=%2Fheroes-icons%2Fhanzo.webp&w=64&q=75,https://owperks.com/ko/damages/hanzo,2026-05-01
한조,hanzo,Damage,damages,major,갈래 화살,32,scatter_arrows,https://owperks.com/_next/image?url=%2Fperks-icons%2Fscatter_arrows.webp&w=32&q=75,https://owperks.com/perks-icons/scatter_arrows.webp,https://owperks.com/_next/image?url=%2Fheroes-icons%2Fhanzo.webp&w=64&q=75,https://owperks.com/ko/damages/hanzo,2026-05-01
한조,hanzo,Damage,damages,minor,음파 변위,63,sonic_disruption,https://owperks.com/_next/image?url=%2Fperks-icons%2Fsonic_disruption.webp&w=32&q=75,https://owperks.com/perks-icons/sonic_disruption.webp,https://owperks.com/_next/image?url=%2Fheroes-icons%2Fhanzo.webp&w=64&q=75,https://owperks.com/ko/damages/hanzo,2026-05-01
한조,hanzo,Damage,damages,minor,용의 분노,37,dragon_fury,https://owperks.com/_next/image?url=%2Fperks-icons%2Fdragon_fury.webp&w=32&q=75,https://owperks.com/perks-icons/dragon_fury.webp,https://owperks.com/_next/image?url=%2Fheroes-icons%2Fhanzo.webp&w=64&q=75,https://owperks.com/ko/damages/hanzo,2026-05-01
라이프위버,lifeweaver,Support,supports,major,초월 개화,74,superbloom,https://owperks.com/_next/image?url=%2Fperks-icons%2Fsuperbloom.webp&w=32&q=75,https://owperks.com/perks-icons/superbloom.webp,https://owperks.com/_next/image?url=%2Fheroes-icons%2Flifeweaver.webp&w=64&q=75,https://owperks.com/ko/supports/lifeweaver,2026-05-01
라이프위버,lifeweaver,Support,supports,major,씨앗 뿌리기,26,sow_the_seed,https://owperks.com/_next/image?url=%2Fperks-icons%2Fsow_the_seed.webp&w=32&q=75,https://owperks.com/perks-icons/sow_the_seed.webp,https://owperks.com/_next/image?url=%2Fheroes-icons%2Flifeweaver.webp&w=64&q=75,https://owperks.com/ko/supports/lifeweaver,2026-05-01
라이프위버,lifeweaver,Support,supports,minor,질주 탈출,80,dashing_escape,https://owperks.com/_next/image?url=%2Fperks-icons%2Fdashing_escape.webp&w=32&q=75,https://owperks.com/perks-icons/dashing_escape.webp,https://owperks.com/_next/image?url=%2Fheroes-icons%2Flifeweaver.webp&w=64&q=75,https://owperks.com/ko/supports/lifeweaver,2026-05-01
라이프위버,lifeweaver,Support,supports,minor,꽃잎 보호,20,petal_protection,https://owperks.com/_next/image?url=%2Fperks-icons%2Fpetal_protection.webp&w=32&q=75,https://owperks.com/perks-icons/petal_protection.webp,https://owperks.com/_next/image?url=%2Fheroes-icons%2Flifeweaver.webp&w=64&q=75,https://owperks.com/ko/supports/lifeweaver,2026-05-01
루시우,lucio,Support,supports,major,소음 공해,79,noise_violation,https://owperks.com/_next/image?url=%2Fperks-icons%2Fnoise_violation.webp&w=32&q=75,https://owperks.com/perks-icons/noise_violation.webp,https://owperks.com/_next/image?url=%2Fheroes-icons%2Flucio.webp&w=64&q=75,https://owperks.com/ko/supports/lucio,2026-05-01
루시우,lucio,Support,supports,major,엑셀라렌도,21,accelerando,https://owperks.com/_next/image?url=%2Fperks-icons%2Faccelerando.webp&w=32&q=75,https://owperks.com/perks-icons/accelerando.webp,https://owperks.com/_next/image?url=%2Fheroes-icons%2Flucio.webp&w=64&q=75,https://owperks.com/ko/supports/lucio,2026-05-01
루시우,lucio,Support,supports,minor,소리 파동 타기,56,soundwave_rider,https://owperks.com/_next/image?url=%2Fperks-icons%2Fsoundwave_rider.webp&w=32&q=75,https://owperks.com/perks-icons/soundwave_rider.webp,https://owperks.com/_next/image?url=%2Fheroes-icons%2Flucio.webp&w=64&q=75,https://owperks.com/ko/supports/lucio,2026-05-01
루시우,lucio,Support,supports,minor,비트 드롭,44,beat_drop,https://owperks.com/_next/image?url=%2Fperks-icons%2Fbeat_drop.webp&w=32&q=75,https://owperks.com/perks-icons/beat_drop.webp,https://owperks.com/_next/image?url=%2Fheroes-icons%2Flucio.webp&w=64&q=75,https://owperks.com/ko/supports/lucio,2026-05-01
메르시,mercy,Support,supports,major,두 배 투여,78,double_dose,https://owperks.com/_next/image?url=%2Fperks-icons%2Fdouble_dose.webp&w=32&q=75,https://owperks.com/perks-icons/double_dose.webp,https://owperks.com/_next/image?url=%2Fheroes-icons%2Fmercy.webp&w=64&q=75,https://owperks.com/ko/supports/mercy,2026-05-01
메르시,mercy,Support,supports,major,연쇄 증폭,22,chain_boost,https://owperks.com/_next/image?url=%2Fperks-icons%2Fchain_boost.webp&w=32&q=75,https://owperks.com/perks-icons/chain_boost.webp,https://owperks.com/_next/image?url=%2Fheroes-icons%2Fmercy.webp&w=64&q=75,https://owperks.com/ko/supports/mercy,2026-05-01
메르시,mercy,Support,supports,minor,천상의 추진력,78,divine_momentum,https://owperks.com/_next/image?url=%2Fperks-icons%2Fdivine_momentum.webp&w=32&q=75,https://owperks.com/perks-icons/divine_momentum.webp,https://owperks.com/_next/image?url=%2Fheroes-icons%2Fmercy.webp&w=64&q=75,https://owperks.com/ko/supports/mercy,2026-05-01
메르시,mercy,Support,supports,minor,천사의 부활,22,angelic_resurrection,https://owperks.com/_next/image?url=%2Fperks-icons%2Fangelic_resurrection.webp&w=32&q=75,https://owperks.com/perks-icons/angelic_resurrection.webp,https://owperks.com/_next/image?url=%2Fheroes-icons%2Fmercy.webp&w=64&q=75,https://owperks.com/ko/supports/mercy,2026-05-01
모이라,moira,Support,supports,major,환영 걸음,76,phantom_step,https://owperks.com/_next/image?url=%2Fperks-icons%2Fphantom_step.webp&w=32&q=75,https://owperks.com/perks-icons/phantom_step.webp,https://owperks.com/_next/image?url=%2Fheroes-icons%2Fmoira.webp&w=64&q=75,https://owperks.com/ko/supports/moira,2026-05-01
모이라,moira,Support,supports,major,반전,24,reversal,https://owperks.com/_next/image?url=%2Fperks-icons%2Freversal.webp&w=32&q=75,https://owperks.com/perks-icons/reversal.webp,https://owperks.com/_next/image?url=%2Fheroes-icons%2Fmoira.webp&w=64&q=75,https://owperks.com/ko/supports/moira,2026-05-01
모이라,moira,Support,supports,minor,윤리적 양분 보충,82,ethical_nourishment,https://owperks.com/_next/image?url=%2Fperks-icons%2Fethical_nourishment.webp&w=32&q=75,https://owperks.com/perks-icons/ethical_nourishment.webp,https://owperks.com/_next/image?url=%2Fheroes-icons%2Fmoira.webp&w=64&q=75,https://owperks.com/ko/supports/moira,2026-05-01
모이라,moira,Support,supports,minor,파괴의 분화,18,destructions_divide,https://owperks.com/_next/image?url=%2Fperks-icons%2Fdestructions_divide.webp&w=32&q=75,https://owperks.com/perks-icons/destructions_divide.webp,https://owperks.com/_next/image?url=%2Fheroes-icons%2Fmoira.webp&w=64&q=75,https://owperks.com/ko/supports/moira,2026-05-01
미즈키,mizuki,Support,supports,major,공명 복귀,79,resonate_return,https://owperks.com/_next/image?url=%2Fperks-icons%2Fresonate_return.webp&w=32&q=75,https://owperks.com/perks-icons/resonate_return.webp,https://owperks.com/_next/image?url=%2Fheroes-icons%2Fmizuki.webp&w=64&q=75,https://owperks.com/ko/supports/mizuki,2026-05-01
미즈키,mizuki,Support,supports,major,잰걸음,21,quickstep,https://owperks.com/_next/image?url=%2Fperks-icons%2Fquickstep.webp&w=32&q=75,https://owperks.com/perks-icons/quickstep.webp,https://owperks.com/_next/image?url=%2Fheroes-icons%2Fmizuki.webp&w=64&q=75,https://owperks.com/ko/supports/mizuki,2026-05-01
미즈키,mizuki,Support,supports,minor,드러난 영혼,57,exposed_soul,https://owperks.com/_next/image?url=%2Fperks-icons%2Fexposed_soul.webp&w=32&q=75,https://owperks.com/perks-icons/exposed_soul.webp,https://owperks.com/_next/image?url=%2Fheroes-icons%2Fmizuki.webp&w=64&q=75,https://owperks.com/ko/supports/mizuki,2026-05-01
미즈키,mizuki,Support,supports,minor,샘물,43,wellspring,https://owperks.com/_next/image?url=%2Fperks-icons%2Fwellspring.webp&w=32&q=75,https://owperks.com/perks-icons/wellspring.webp,https://owperks.com/_next/image?url=%2Fheroes-icons%2Fmizuki.webp&w=64&q=75,https://owperks.com/ko/supports/mizuki,2026-05-01
바티스트,baptiste,Support,supports,major,자동화 치유,79,automated_healing,https://owperks.com/_next/image?url=%2Fperks-icons%2Fautomated_healing.webp&w=32&q=75,https://owperks.com/perks-icons/automated_healing.webp,https://owperks.com/_next/image?url=%2Fheroes-icons%2Fbaptiste.webp&w=64&q=75,https://owperks.com/ko/supports/baptiste,2026-05-01
바티스트,baptiste,Support,supports,major,로켓 점화,21,rocket_boots,https://owperks.com/_next/image?url=%2Fperks-icons%2Frocket_boots.webp&w=32&q=75,https://owperks.com/perks-icons/rocket_boots.webp,https://owperks.com/_next/image?url=%2Fheroes-icons%2Fbaptiste.webp&w=64&q=75,https://owperks.com/ko/supports/baptiste,2026-05-01
바티스트,baptiste,Support,supports,minor,확장장,54,expanded_field,https://owperks.com/_next/image?url=%2Fperks-icons%2Fexpanded_field.webp&w=32&q=75,https://owperks.com/perks-icons/expanded_field.webp,https://owperks.com/_next/image?url=%2Fheroes-icons%2Fbaptiste.webp&w=64&q=75,https://owperks.com/ko/supports/baptiste,2026-05-01
바티스트,baptiste,Support,supports,minor,맹공의 파동,46,assault_burst,https://owperks.com/_next/image?url=%2Fperks-icons%2Fassault_burst.webp&w=32&q=75,https://owperks.com/perks-icons/assault_burst.webp,https://owperks.com/_next/image?url=%2Fheroes-icons%2Fbaptiste.webp&w=64&q=75,https://owperks.com/ko/supports/baptiste,2026-05-01
브리기테,brigitte,Support,supports,major,격려 타격,87,inspiring_strike,https://owperks.com/_next/image?url=%2Fperks-icons%2Finspiring_strike.webp&w=32&q=75,https://owperks.com/perks-icons/inspiring_strike.webp,https://owperks.com/_next/image?url=%2Fheroes-icons%2Fbrigitte.webp&w=64&q=75,https://owperks.com/ko/supports/brigitte,2026-05-01
브리기테,brigitte,Support,supports,major,채찍질,13,whiplash,https://owperks.com/_next/image?url=%2Fperks-icons%2Fwhiplash.webp&w=32&q=75,https://owperks.com/perks-icons/whiplash.webp,https://owperks.com/_next/image?url=%2Fheroes-icons%2Fbrigitte.webp&w=64&q=75,https://owperks.com/ko/supports/brigitte,2026-05-01
브리기테,brigitte,Support,supports,minor,사기 증진,81,morale_boost,https://owperks.com/_next/image?url=%2Fperks-icons%2Fmorale_boost.webp&w=32&q=75,https://owperks.com/perks-icons/morale_boost.webp,https://owperks.com/_next/image?url=%2Fheroes-icons%2Fbrigitte.webp&w=64&q=75,https://owperks.com/ko/supports/brigitte,2026-05-01
브리기테,brigitte,Support,supports,minor,전투 의무감,19,combat_medic,https://owperks.com/_next/image?url=%2Fperks-icons%2Fcombat_medic.webp&w=32&q=75,https://owperks.com/perks-icons/combat_medic.webp,https://owperks.com/_next/image?url=%2Fheroes-icons%2Fbrigitte.webp&w=64&q=75,https://owperks.com/ko/supports/brigitte,2026-05-01
아나,ana,Support,supports,major,인간사냥,67,headhunter,https://owperks.com/_next/image?url=%2Fperks-icons%2Fheadhunter.webp&w=32&q=75,https://owperks.com/perks-icons/headhunter.webp,https://owperks.com/_next/image?url=%2Fheroes-icons%2Fana.webp&w=64&q=75,https://owperks.com/ko/supports/ana,2026-05-01
아나,ana,Support,supports,major,생체 수류탄 튕기기,33,biotic_bounce,https://owperks.com/_next/image?url=%2Fperks-icons%2Fbiotic_bounce.webp&w=32&q=75,https://owperks.com/perks-icons/biotic_bounce.webp,https://owperks.com/_next/image?url=%2Fheroes-icons%2Fana.webp&w=64&q=75,https://owperks.com/ko/supports/ana,2026-05-01
아나,ana,Support,supports,minor,가속 혈청,74,speed_serum,https://owperks.com/_next/image?url=%2Fperks-icons%2Fspeed_serum.webp&w=32&q=75,https://owperks.com/perks-icons/speed_serum.webp,https://owperks.com/_next/image?url=%2Fheroes-icons%2Fana.webp&w=64&q=75,https://owperks.com/ko/supports/ana,2026-05-01
아나,ana,Support,supports,minor,휴이,26,groggy,https://owperks.com/_next/image?url=%2Fperks-icons%2Fgroggy.webp&w=32&q=75,https://owperks.com/perks-icons/groggy.webp,https://owperks.com/_next/image?url=%2Fheroes-icons%2Fana.webp&w=64&q=75,https://owperks.com/ko/supports/ana,2026-05-01
우앙,wuyang,Support,supports,major,쏟아지는 비,75,falling_rain,https://owperks.com/_next/image?url=%2Fperks-icons%2Ffalling_rain.webp&w=32&q=75,https://owperks.com/perks-icons/falling_rain.webp,https://owperks.com/_next/image?url=%2Fheroes-icons%2Fwuyang.webp&w=64&q=75,https://owperks.com/ko/supports/wuyang,2026-05-01
우앙,wuyang,Support,supports,major,밀물과 썰물,25,ebb_and_flow,https://owperks.com/_next/image?url=%2Fperks-icons%2Febb_and_flow.webp&w=32&q=75,https://owperks.com/perks-icons/ebb_and_flow.webp,https://owperks.com/_next/image?url=%2Fheroes-icons%2Fwuyang.webp&w=64&q=75,https://owperks.com/ko/supports/wuyang,2026-05-01
우앙,wuyang,Support,supports,minor,균형,80,balance,https://owperks.com/_next/image?url=%2Fperks-icons%2Fbalance.webp&w=32&q=75,https://owperks.com/perks-icons/balance.webp,https://owperks.com/_next/image?url=%2Fheroes-icons%2Fwuyang.webp&w=64&q=75,https://owperks.com/ko/supports/wuyang,2026-05-01
우앙,wuyang,Support,supports,minor,발랄,20,overflow,https://owperks.com/_next/image?url=%2Fperks-icons%2Foverflow.webp&w=32&q=75,https://owperks.com/perks-icons/overflow.webp,https://owperks.com/_next/image?url=%2Fheroes-icons%2Fwuyang.webp&w=64&q=75,https://owperks.com/ko/supports/wuyang,2026-05-01
일리아리,illari,Support,supports,major,일광 화상,87,sunburn,https://owperks.com/_next/image?url=%2Fperks-icons%2Fsunburn.webp&w=32&q=75,https://owperks.com/perks-icons/sunburn.webp,https://owperks.com/_next/image?url=%2Fheroes-icons%2Fillari.webp&w=64&q=75,https://owperks.com/ko/supports/illari,2026-05-01
일리아리,illari,Support,supports,major,태양의 섬광,13,solar_flare,https://owperks.com/_next/image?url=%2Fperks-icons%2Fsolar_flare.webp&w=32&q=75,https://owperks.com/perks-icons/solar_flare.webp,https://owperks.com/_next/image?url=%2Fheroes-icons%2Fillari.webp&w=64&q=75,https://owperks.com/ko/supports/illari,2026-05-01
일리아리,illari,Support,supports,minor,하지,64,summer_solstice,https://owperks.com/_next/image?url=%2Fperks-icons%2Fsummer_solstice.webp&w=32&q=75,https://owperks.com/perks-icons/summer_solstice.webp,https://owperks.com/_next/image?url=%2Fheroes-icons%2Fillari.webp&w=64&q=75,https://owperks.com/ko/supports/illari,2026-05-01
일리아리,illari,Support,supports,minor,빠른 조립,36,rapid_construction,https://owperks.com/_next/image?url=%2Fperks-icons%2Frapid_construction.webp&w=32&q=75,https://owperks.com/perks-icons/rapid_construction.webp,https://owperks.com/_next/image?url=%2Fheroes-icons%2Fillari.webp&w=64&q=75,https://owperks.com/ko/supports/illari,2026-05-01
제트팩 캣,jetpack_cat,Support,supports,major,발톱 꺼내기,97,claws_out,https://owperks.com/_next/image?url=%2Fperks-icons%2Fclaws_out.webp&w=32&q=75,https://owperks.com/perks-icons/claws_out.webp,https://owperks.com/_next/image?url=%2Fheroes-icons%2Fjetpack_cat.webp&w=64&q=75,https://owperks.com/ko/supports/jetpack_cat,2026-05-01
제트팩 캣,jetpack_cat,Support,supports,major,박치기,3,headbutt,https://owperks.com/_next/image?url=%2Fperks-icons%2Fheadbutt.webp&w=32&q=75,https://owperks.com/perks-icons/headbutt.webp,https://owperks.com/_next/image?url=%2Fheroes-icons%2Fjetpack_cat.webp&w=64&q=75,https://owperks.com/ko/supports/jetpack_cat,2026-05-01
제트팩 캣,jetpack_cat,Support,supports,minor,숨은 동기,95,ulterior_motive,https://owperks.com/_next/image?url=%2Fperks-icons%2Fulterior_motive.webp&w=32&q=75,https://owperks.com/perks-icons/ulterior_motive.webp,https://owperks.com/_next/image?url=%2Fheroes-icons%2Fjetpack_cat.webp&w=64&q=75,https://owperks.com/ko/supports/jetpack_cat,2026-05-01
제트팩 캣,jetpack_cat,Support,supports,minor,운송 보호막,5,transport_shielding,https://owperks.com/_next/image?url=%2Fperks-icons%2Ftransport_shielding.webp&w=32&q=75,https://owperks.com/perks-icons/transport_shielding.webp,https://owperks.com/_next/image?url=%2Fheroes-icons%2Fjetpack_cat.webp&w=64&q=75,https://owperks.com/ko/supports/jetpack_cat,2026-05-01
젠야타,zenyatta,Support,supports,major,이중 조화,66,dual_harmony,https://owperks.com/_next/image?url=%2Fperks-icons%2Fdual_harmony.webp&w=32&q=75,https://owperks.com/perks-icons/dual_harmony.webp,https://owperks.com/_next/image?url=%2Fheroes-icons%2Fzenyatta.webp&w=64&q=75,https://owperks.com/ko/supports/zenyatta,2026-05-01
젠야타,zenyatta,Support,supports,major,파괴 집중,34,focused_destruction,https://owperks.com/_next/image?url=%2Fperks-icons%2Ffocused_destruction.webp&w=32&q=75,https://owperks.com/perks-icons/focused_destruction.webp,https://owperks.com/_next/image?url=%2Fheroes-icons%2Fzenyatta.webp&w=64&q=75,https://owperks.com/ko/supports/zenyatta,2026-05-01
젠야타,zenyatta,Support,supports,minor,부조화의 수리,71,discordant_repair,https://owperks.com/_next/image?url=%2Fperks-icons%2Fdiscordant_repair.webp&w=32&q=75,https://owperks.com/perks-icons/discordant_repair.webp,https://owperks.com/_next/image?url=%2Fheroes-icons%2Fzenyatta.webp&w=64&q=75,https://owperks.com/ko/supports/zenyatta,2026-05-01
젠야타,zenyatta,Support,supports,minor,승천,29,ascendance,https://owperks.com/_next/image?url=%2Fperks-icons%2Fascendance.webp&w=32&q=75,https://owperks.com/perks-icons/ascendance.webp,https://owperks.com/_next/image?url=%2Fheroes-icons%2Fzenyatta.webp&w=64&q=75,https://owperks.com/ko/supports/zenyatta,2026-05-01
주노,juno,Support,supports,major,고속 블라스터,52,faster_blaster,https://owperks.com/_next/image?url=%2Fperks-icons%2Ffaster_blaster.webp&w=32&q=75,https://owperks.com/perks-icons/faster_blaster.webp,https://owperks.com/_next/image?url=%2Fheroes-icons%2Fjuno.webp&w=64&q=75,https://owperks.com/ko/supports/juno,2026-05-01
주노,juno,Support,supports,major,이륙,48,lift_off,https://owperks.com/_next/image?url=%2Fperks-icons%2Flift_off.webp&w=32&q=75,https://owperks.com/perks-icons/lift_off.webp,https://owperks.com/_next/image?url=%2Fheroes-icons%2Fjuno.webp&w=64&q=75,https://owperks.com/ko/supports/juno,2026-05-01
주노,juno,Support,supports,minor,대상 포착,76,locked_on,https://owperks.com/_next/image?url=%2Fperks-icons%2Flocked_on.webp&w=32&q=75,https://owperks.com/perks-icons/locked_on.webp,https://owperks.com/_next/image?url=%2Fheroes-icons%2Fjuno.webp&w=64&q=75,https://owperks.com/ko/supports/juno,2026-05-01
주노,juno,Support,supports,minor,익숙한 포착,24,familiar_vitals,https://owperks.com/_next/image?url=%2Fperks-icons%2Ffamiliar_vitals.webp&w=32&q=75,https://owperks.com/perks-icons/familiar_vitals.webp,https://owperks.com/_next/image?url=%2Fheroes-icons%2Fjuno.webp&w=64&q=75,https://owperks.com/ko/supports/juno,2026-05-01
키리코,kiriko,Support,supports,major,여우걸음,90,foxtrot,https://owperks.com/_next/image?url=%2Fperks-icons%2Ffoxtrot.webp&w=32&q=75,https://owperks.com/perks-icons/foxtrot.webp,https://owperks.com/_next/image?url=%2Fheroes-icons%2Fkiriko.webp&w=64&q=75,https://owperks.com/ko/supports/kiriko,2026-05-01
키리코,kiriko,Support,supports,major,준비 단계,10,ready_step,https://owperks.com/_next/image?url=%2Fperks-icons%2Fready_step.webp&w=32&q=75,https://owperks.com/perks-icons/ready_step.webp,https://owperks.com/_next/image?url=%2Fheroes-icons%2Fkiriko.webp&w=64&q=75,https://owperks.com/ko/supports/kiriko,2026-05-01
키리코,kiriko,Support,supports,minor,술수가,74,fortune_teller,https://owperks.com/_next/image?url=%2Fperks-icons%2Ffortune_teller.webp&w=32&q=75,https://owperks.com/perks-icons/fortune_teller.webp,https://owperks.com/_next/image?url=%2Fheroes-icons%2Fkiriko.webp&w=64&q=75,https://owperks.com/ko/supports/kiriko,2026-05-01
키리코,kiriko,Support,supports,minor,긴급 치료,26,urgent_care,https://owperks.com/_next/image?url=%2Fperks-icons%2Furgent_care.webp&w=32&q=75,https://owperks.com/perks-icons/urgent_care.webp,https://owperks.com/_next/image?url=%2Fheroes-icons%2Fkiriko.webp&w=64&q=75,https://owperks.com/ko/supports/kiriko,2026-05-01
D.Va,dva,Tank,tanks,major,보호막 시스템,51,shield_system,https://owperks.com/_next/image?url=%2Fperks-icons%2Fshield_system.webp&w=32&q=75,https://owperks.com/perks-icons/shield_system.webp,https://owperks.com/_next/image?url=%2Fheroes-icons%2Fdva.webp&w=64&q=75,https://owperks.com/ko/tanks/dva,2026-05-01
D.Va,dva,Tank,tanks,major,집중 융합,49,precision_fusion,https://owperks.com/_next/image?url=%2Fperks-icons%2Fprecision_fusion.webp&w=32&q=75,https://owperks.com/perks-icons/precision_fusion.webp,https://owperks.com/_next/image?url=%2Fheroes-icons%2Fdva.webp&w=64&q=75,https://owperks.com/ko/tanks/dva,2026-05-01
D.Va,dva,Tank,tanks,minor,확장 부스터,82,extended_boosters,https://owperks.com/_next/image?url=%2Fperks-icons%2Fextended_boosters.webp&w=32&q=75,https://owperks.com/perks-icons/extended_boosters.webp,https://owperks.com/_next/image?url=%2Fheroes-icons%2Fdva.webp&w=64&q=75,https://owperks.com/ko/tanks/dva,2026-05-01
D.Va,dva,Tank,tanks,minor,토끼 깡총,18,bunny_power,https://owperks.com/_next/image?url=%2Fperks-icons%2Fbunny_power.webp&w=32&q=75,https://owperks.com/perks-icons/bunny_power.webp,https://owperks.com/_next/image?url=%2Fheroes-icons%2Fdva.webp&w=64&q=75,https://owperks.com/ko/tanks/dva,2026-05-01
도미나,domina,Tank,tanks,major,분열 폭발,72,disruptive_detonation,https://owperks.com/_next/image?url=%2Fperks-icons%2Fdisruptive_detonation.webp&w=32&q=75,https://owperks.com/perks-icons/disruptive_detonation.webp,https://owperks.com/_next/image?url=%2Fheroes-icons%2Fdomina.webp&w=64&q=75,https://owperks.com/ko/tanks/domina,2026-05-01
도미나,domina,Tank,tanks,major,벽어 천격,28,power_move,https://owperks.com/_next/image?url=%2Fperks-icons%2Fpower_move.webp&w=32&q=75,https://owperks.com/perks-icons/power_move.webp,https://owperks.com/_next/image?url=%2Fheroes-icons%2Fdomina.webp&w=64&q=75,https://owperks.com/ko/tanks/domina,2026-05-01
도미나,domina,Tank,tanks,minor,출력 확장,63,extended_power,https://owperks.com/_next/image?url=%2Fperks-icons%2Fextended_power.webp&w=32&q=75,https://owperks.com/perks-icons/extended_power.webp,https://owperks.com/_next/image?url=%2Fheroes-icons%2Fdomina.webp&w=64&q=75,https://owperks.com/ko/tanks/domina,2026-05-01
도미나,domina,Tank,tanks,minor,효율적인 설계,37,efficient_design,https://owperks.com/_next/image?url=%2Fperks-icons%2Fefficient_design.webp&w=32&q=75,https://owperks.com/perks-icons/efficient_design.webp,https://owperks.com/_next/image?url=%2Fheroes-icons%2Fdomina.webp&w=64&q=75,https://owperks.com/ko/tanks/domina,2026-05-01
둠피스트,doomfist,Tank,tanks,major,파워 매트릭스,87,power_matrix,https://owperks.com/_next/image?url=%2Fperks-icons%2Fpower_matrix.webp&w=32&q=75,https://owperks.com/perks-icons/power_matrix.webp,https://owperks.com/_next/image?url=%2Fheroes-icons%2Fdoomfist.webp&w=64&q=75,https://owperks.com/ko/tanks/doomfist,2026-05-01
둠피스트,doomfist,Tank,tanks,major,여진,13,aftershock,https://owperks.com/_next/image?url=%2Fperks-icons%2Faftershock.webp&w=32&q=75,https://owperks.com/perks-icons/aftershock.webp,https://owperks.com/_next/image?url=%2Fheroes-icons%2Fdoomfist.webp&w=64&q=75,https://owperks.com/ko/tanks/doomfist,2026-05-01
둠피스트,doomfist,Tank,tanks,minor,자작생존,63,survival_of_the_fittest,https://owperks.com/_next/image?url=%2Fperks-icons%2Fsurvival_of_the_fittest.webp&w=32&q=75,https://owperks.com/perks-icons/survival_of_the_fittest.webp,https://owperks.com/_next/image?url=%2Fheroes-icons%2Fdoomfist.webp&w=64&q=75,https://owperks.com/ko/tanks/doomfist,2026-05-01
둠피스트,doomfist,Tank,tanks,minor,원투,37,one_two,https://owperks.com/_next/image?url=%2Fperks-icons%2Fone_two.webp&w=32&q=75,https://owperks.com/perks-icons/one_two.webp,https://owperks.com/_next/image?url=%2Fheroes-icons%2Fdoomfist.webp&w=64&q=75,https://owperks.com/ko/tanks/doomfist,2026-05-01
라마트라,ramattra,Tank,tanks,major,공허 쇄도,92,void_surge,https://owperks.com/_next/image?url=%2Fperks-icons%2Fvoid_surge.webp&w=32&q=75,https://owperks.com/perks-icons/void_surge.webp,https://owperks.com/_next/image?url=%2Fheroes-icons%2Framattra.webp&w=64&q=75,https://owperks.com/ko/tanks/ramattra,2026-05-01
라마트라,ramattra,Tank,tanks,major,나노머신 수리,8,nanite_repair,https://owperks.com/_next/image?url=%2Fperks-icons%2Fnanite_repair.webp&w=32&q=75,https://owperks.com/perks-icons/nanite_repair.webp,https://owperks.com/_next/image?url=%2Fheroes-icons%2Framattra.webp&w=64&q=75,https://owperks.com/ko/tanks/ramattra,2026-05-01
라마트라,ramattra,Tank,tanks,minor,연장된 방벽,91,prolonged_barrier,https://owperks.com/_next/image?url=%2Fperks-icons%2Fprolonged_barrier.webp&w=32&q=75,https://owperks.com/perks-icons/prolonged_barrier.webp,https://owperks.com/_next/image?url=%2Fheroes-icons%2Framattra.webp&w=64&q=75,https://owperks.com/ko/tanks/ramattra,2026-05-01
라마트라,ramattra,Tank,tanks,minor,맹공 형태,9,relentless_form,https://owperks.com/_next/image?url=%2Fperks-icons%2Frelentless_form.webp&w=32&q=75,https://owperks.com/perks-icons/relentless_form.webp,https://owperks.com/_next/image?url=%2Fheroes-icons%2Framattra.webp&w=64&q=75,https://owperks.com/ko/tanks/ramattra,2026-05-01
라인하르트,reinhardt,Tank,tanks,major,불붙은 분노,58,ignited_fury,https://owperks.com/_next/image?url=%2Fperks-icons%2Fignited_fury.webp&w=32&q=75,https://owperks.com/perks-icons/ignited_fury.webp,https://owperks.com/_next/image?url=%2Fheroes-icons%2Freinhardt.webp&w=64&q=75,https://owperks.com/ko/tanks/reinhardt,2026-05-01
라인하르트,reinhardt,Tank,tanks,major,방패 강타,42,shield_slam,https://owperks.com/_next/image?url=%2Fperks-icons%2Fshield_slam.webp&w=32&q=75,https://owperks.com/perks-icons/shield_slam.webp,https://owperks.com/_next/image?url=%2Fheroes-icons%2Freinhardt.webp&w=64&q=75,https://owperks.com/ko/tanks/reinhardt,2026-05-01
라인하르트,reinhardt,Tank,tanks,minor,성전사의 결의,75,crusaders_resolve,https://owperks.com/_next/image?url=%2Fperks-icons%2Fcrusaders_resolve.webp&w=32&q=75,https://owperks.com/perks-icons/crusaders_resolve.webp,https://owperks.com/_next/image?url=%2Fheroes-icons%2Freinhardt.webp&w=64&q=75,https://owperks.com/ko/tanks/reinhardt,2026-05-01
라인하르트,reinhardt,Tank,tanks,minor,성전사의 화염,25,crusaders_fire,https://owperks.com/_next/image?url=%2Fperks-icons%2Fcrusaders_fire.webp&w=32&q=75,https://owperks.com/perks-icons/crusaders_fire.webp,https://owperks.com/_next/image?url=%2Fheroes-icons%2Freinhardt.webp&w=64&q=75,https://owperks.com/ko/tanks/reinhardt,2026-05-01
레킹볼,wrecking-ball,Tank,tanks,major,적응형 방벽,71,adaptative_barrier,https://owperks.com/_next/image?url=%2Fperks-icons%2Fadaptative_barrier.webp&w=32&q=75,https://owperks.com/perks-icons/adaptative_barrier.webp,https://owperks.com/_next/image?url=%2Fheroes-icons%2Fwrecking-ball.webp&w=64&q=75,https://owperks.com/ko/tanks/wrecking-ball,2026-05-01
레킹볼,wrecking-ball,Tank,tanks,major,체공 시간,29,hang_time,https://owperks.com/_next/image?url=%2Fperks-icons%2Fhang_time.webp&w=32&q=75,https://owperks.com/perks-icons/hang_time.webp,https://owperks.com/_next/image?url=%2Fheroes-icons%2Fwrecking-ball.webp&w=64&q=75,https://owperks.com/ko/tanks/wrecking-ball,2026-05-01
레킹볼,wrecking-ball,Tank,tanks,minor,멀티볼,70,multi_ball,https://owperks.com/_next/image?url=%2Fperks-icons%2Fmulti_ball.webp&w=32&q=75,https://owperks.com/perks-icons/multi_ball.webp,https://owperks.com/_next/image?url=%2Fheroes-icons%2Fwrecking-ball.webp&w=64&q=75,https://owperks.com/ko/tanks/wrecking-ball,2026-05-01
레킹볼,wrecking-ball,Tank,tanks,minor,증기 롤러,30,steamroller,https://owperks.com/_next/image?url=%2Fperks-icons%2Fsteamroller.webp&w=32&q=75,https://owperks.com/perks-icons/steamroller.webp,https://owperks.com/_next/image?url=%2Fheroes-icons%2Fwrecking-ball.webp&w=64&q=75,https://owperks.com/ko/tanks/wrecking-ball,2026-05-01
로드호그,roadhog,Tank,tanks,major,호그가스 노출,81,hogdrogen_exposure,https://owperks.com/_next/image?url=%2Fperks-icons%2Fhogdrogen_exposure.webp&w=32&q=75,https://owperks.com/perks-icons/hogdrogen_exposure.webp,https://owperks.com/_next/image?url=%2Fheroes-icons%2Froadhog.webp&w=64&q=75,https://owperks.com/ko/tanks/roadhog,2026-05-01
로드호그,roadhog,Tank,tanks,major,풀드포크,19,pulled_pork,https://owperks.com/_next/image?url=%2Fperks-icons%2Fpulled_pork.webp&w=32&q=75,https://owperks.com/perks-icons/pulled_pork.webp,https://owperks.com/_next/image?url=%2Fheroes-icons%2Froadhog.webp&w=64&q=75,https://owperks.com/ko/tanks/roadhog,2026-05-01
로드호그,roadhog,Tank,tanks,minor,고철 갈고리,74,scrap_hook,https://owperks.com/_next/image?url=%2Fperks-icons%2Fscrap_hook.webp&w=32&q=75,https://owperks.com/perks-icons/scrap_hook.webp,https://owperks.com/_next/image?url=%2Fheroes-icons%2Froadhog.webp&w=64&q=75,https://owperks.com/ko/tanks/roadhog,2026-05-01
로드호그,roadhog,Tank,tanks,minor,파편 발사기,26,sharpnel_launcher,https://owperks.com/_next/image?url=%2Fperks-icons%2Fsharpnel_launcher.webp&w=32&q=75,https://owperks.com/perks-icons/sharpnel_launcher.webp,https://owperks.com/_next/image?url=%2Fheroes-icons%2Froadhog.webp&w=64&q=75,https://owperks.com/ko/tanks/roadhog,2026-05-01
마우가,mauga,Tank,tanks,major,불 위를 걷는 자,72,firewalker,https://owperks.com/_next/image?url=%2Fperks-icons%2Ffirewalker.webp&w=32&q=75,https://owperks.com/perks-icons/firewalker.webp,https://owperks.com/_next/image?url=%2Fheroes-icons%2Fmauga.webp&w=64&q=75,https://owperks.com/ko/tanks/mauga,2026-05-01
마우가,mauga,Tank,tanks,major,전투 연료,28,combat_fuel,https://owperks.com/_next/image?url=%2Fperks-icons%2Fcombat_fuel.webp&w=32&q=75,https://owperks.com/perks-icons/combat_fuel.webp,https://owperks.com/_next/image?url=%2Fheroes-icons%2Fmauga.webp&w=64&q=75,https://owperks.com/ko/tanks/mauga,2026-05-01
마우가,mauga,Tank,tanks,minor,방화광,81,pyromaniac,https://owperks.com/_next/image?url=%2Fperks-icons%2Fpyromaniac.webp&w=32&q=75,https://owperks.com/perks-icons/pyromaniac.webp,https://owperks.com/_next/image?url=%2Fheroes-icons%2Fmauga.webp&w=64&q=75,https://owperks.com/ko/tanks/mauga,2026-05-01
마우가,mauga,Tank,tanks,minor,키네틱 탄띠,19,kinetic_bandolier,https://owperks.com/_next/image?url=%2Fperks-icons%2Fkinetic_bandolier.webp&w=32&q=75,https://owperks.com/perks-icons/kinetic_bandolier.webp,https://owperks.com/_next/image?url=%2Fheroes-icons%2Fmauga.webp&w=64&q=75,https://owperks.com/ko/tanks/mauga,2026-05-01
시그마,sigma,Tank,tanks,major,하이퍼 강타,62,hyper_strike,https://owperks.com/_next/image?url=%2Fperks-icons%2Fhyper_strike.webp&w=32&q=75,https://owperks.com/perks-icons/hyper_strike.webp,https://owperks.com/_next/image?url=%2Fheroes-icons%2Fsigma.webp&w=64&q=75,https://owperks.com/ko/tanks/sigma,2026-05-01
시그마,sigma,Tank,tanks,major,공중 부양,38,levitation,https://owperks.com/_next/image?url=%2Fperks-icons%2Flevitation.webp&w=32&q=75,https://owperks.com/perks-icons/levitation.webp,https://owperks.com/_next/image?url=%2Fheroes-icons%2Fsigma.webp&w=64&q=75,https://owperks.com/ko/tanks/sigma,2026-05-01
시그마,sigma,Tank,tanks,minor,초재생,75,hyper_regeneration,https://owperks.com/_next/image?url=%2Fperks-icons%2Fhyper_regeneration.webp&w=32&q=75,https://owperks.com/perks-icons/hyper_regeneration.webp,https://owperks.com/_next/image?url=%2Fheroes-icons%2Fsigma.webp&w=64&q=75,https://owperks.com/ko/tanks/sigma,2026-05-01
시그마,sigma,Tank,tanks,minor,키네틱 순환,25,kinetic_cycle,https://owperks.com/_next/image?url=%2Fperks-icons%2Fkinetic_cycle.webp&w=32&q=75,https://owperks.com/perks-icons/kinetic_cycle.webp,https://owperks.com/_next/image?url=%2Fheroes-icons%2Fsigma.webp&w=64&q=75,https://owperks.com/ko/tanks/sigma,2026-05-01
오리사,orisa,Tank,tanks,major,충전 투창,64,charged_javelin,https://owperks.com/_next/image?url=%2Fperks-icons%2Fcharged_javelin.webp&w=32&q=75,https://owperks.com/perks-icons/charged_javelin.webp,https://owperks.com/_next/image?url=%2Fheroes-icons%2Forisa.webp&w=64&q=75,https://owperks.com/ko/tanks/orisa,2026-05-01
오리사,orisa,Tank,tanks,major,보호 방벽,36,protective_barrier,https://owperks.com/_next/image?url=%2Fperks-icons%2Fprotective_barrier.webp&w=32&q=75,https://owperks.com/perks-icons/protective_barrier.webp,https://owperks.com/_next/image?url=%2Fheroes-icons%2Forisa.webp&w=64&q=75,https://owperks.com/ko/tanks/orisa,2026-05-01
오리사,orisa,Tank,tanks,minor,이동식 강화,85,mobile_fortification,https://owperks.com/_next/image?url=%2Fperks-icons%2Fmobile_fortification.webp&w=32&q=75,https://owperks.com/perks-icons/mobile_fortification.webp,https://owperks.com/_next/image?url=%2Fheroes-icons%2Forisa.webp&w=64&q=75,https://owperks.com/ko/tanks/orisa,2026-05-01
오리사,orisa,Tank,tanks,minor,방어 프로토콜,15,defense_protocol,https://owperks.com/_next/image?url=%2Fperks-icons%2Fdefense_protocol.webp&w=32&q=75,https://owperks.com/perks-icons/defense_protocol.webp,https://owperks.com/_next/image?url=%2Fheroes-icons%2Forisa.webp&w=64&q=75,https://owperks.com/ko/tanks/orisa,2026-05-01
윈스턴,winston,Tank,tanks,major,활력 증진 방벽,76,revitalizing_barrier,https://owperks.com/_next/image?url=%2Fperks-icons%2Frevitalizing_barrier.webp&w=32&q=75,https://owperks.com/perks-icons/revitalizing_barrier.webp,https://owperks.com/_next/image?url=%2Fheroes-icons%2Fwinston.webp&w=64&q=75,https://owperks.com/ko/tanks/winston,2026-05-01
윈스턴,winston,Tank,tanks,major,연쇄 번개,24,chain_lightning,https://owperks.com/_next/image?url=%2Fperks-icons%2Fchain_lightning.webp&w=32&q=75,https://owperks.com/perks-icons/chain_lightning.webp,https://owperks.com/_next/image?url=%2Fheroes-icons%2Fwinston.webp&w=64&q=75,https://owperks.com/ko/tanks/winston,2026-05-01
윈스턴,winston,Tank,tanks,minor,전하,86,electric_charge,https://owperks.com/_next/image?url=%2Fperks-icons%2Felectric_charge.webp&w=32&q=75,https://owperks.com/perks-icons/electric_charge.webp,https://owperks.com/_next/image?url=%2Fheroes-icons%2Fwinston.webp&w=64&q=75,https://owperks.com/ko/tanks/winston,2026-05-01
윈스턴,winston,Tank,tanks,minor,묵직한 착륙,14,heavy_landing,https://owperks.com/_next/image?url=%2Fperks-icons%2Fheavy_landing.webp&w=32&q=75,https://owperks.com/perks-icons/heavy_landing.webp,https://owperks.com/_next/image?url=%2Fheroes-icons%2Fwinston.webp&w=64&q=75,https://owperks.com/ko/tanks/winston,2026-05-01
자리야,zarya,Tank,tanks,major,출력 증폭,81,extra_oomph,https://owperks.com/_next/image?url=%2Fperks-icons%2Fextra_oomph.webp&w=32&q=75,https://owperks.com/perks-icons/extra_oomph.webp,https://owperks.com/_next/image?url=%2Fheroes-icons%2Fzarya.webp&w=64&q=75,https://owperks.com/ko/tanks/zarya,2026-05-01
자리야,zarya,Tank,tanks,major,에너지 창,19,energy_lance,https://owperks.com/_next/image?url=%2Fperks-icons%2Fenergy_lance.webp&w=32&q=75,https://owperks.com/perks-icons/energy_lance.webp,https://owperks.com/_next/image?url=%2Fheroes-icons%2Fzarya.webp&w=64&q=75,https://owperks.com/ko/tanks/zarya,2026-05-01
자리야,zarya,Tank,tanks,minor,지원 관측,85,spotter,https://owperks.com/_next/image?url=%2Fperks-icons%2Fspotter.webp&w=32&q=75,https://owperks.com/perks-icons/spotter.webp,https://owperks.com/_next/image?url=%2Fheroes-icons%2Fzarya.webp&w=64&q=75,https://owperks.com/ko/tanks/zarya,2026-05-01
자리야,zarya,Tank,tanks,minor,점프 쇼,15,jump_ups,https://owperks.com/_next/image?url=%2Fperks-icons%2Fjump_ups.webp&w=32&q=75,https://owperks.com/perks-icons/jump_ups.webp,https://owperks.com/_next/image?url=%2Fheroes-icons%2Fzarya.webp&w=64&q=75,https://owperks.com/ko/tanks/zarya,2026-05-01
정커퀸,junker-queen,Tank,tanks,major,맹렬한 포식,74,savage_satiation,https://owperks.com/_next/image?url=%2Fperks-icons%2Fsavage_satiation.webp&w=32&q=75,https://owperks.com/perks-icons/savage_satiation.webp,https://owperks.com/_next/image?url=%2Fheroes-icons%2Fjunker-queen.webp&w=64&q=75,https://owperks.com/ko/tanks/junker-queen,2026-05-01
정커퀸,junker-queen,Tank,tanks,major,선풍,26,willy_willy,https://owperks.com/_next/image?url=%2Fperks-icons%2Fwilly_willy.webp&w=32&q=75,https://owperks.com/perks-icons/willy_willy.webp,https://owperks.com/_next/image?url=%2Fheroes-icons%2Fjunker-queen.webp&w=64&q=75,https://owperks.com/ko/tanks/junker-queen,2026-05-01
정커퀸,junker-queen,Tank,tanks,minor,광분 돌진,79,rampant_charge,https://owperks.com/_next/image?url=%2Fperks-icons%2Frampant_charge.webp&w=32&q=75,https://owperks.com/perks-icons/rampant_charge.webp,https://owperks.com/_next/image?url=%2Fheroes-icons%2Fjunker-queen.webp&w=64&q=75,https://owperks.com/ko/tanks/junker-queen,2026-05-01
정커퀸,junker-queen,Tank,tanks,minor,전투의 외침,21,battle_shout,https://owperks.com/_next/image?url=%2Fperks-icons%2Fbattle_shout.webp&w=32&q=75,https://owperks.com/perks-icons/battle_shout.webp,https://owperks.com/_next/image?url=%2Fheroes-icons%2Fjunker-queen.webp&w=64&q=75,https://owperks.com/ko/tanks/junker-queen,2026-05-01
해저드,hazard,Tank,tanks,major,폭발성 꿰뚫기,84,explosive_impalements,https://owperks.com/_next/image?url=%2Fperks-icons%2Fexplosive_impalements.webp&w=32&q=75,https://owperks.com/perks-icons/explosive_impalements.webp,https://owperks.com/_next/image?url=%2Fheroes-icons%2Fhazard.webp&w=64&q=75,https://owperks.com/ko/tanks/hazard,2026-05-01
해저드,hazard,Tank,tanks,major,재편성,16,reconstitution,https://owperks.com/_next/image?url=%2Fperks-icons%2Freconstitution.webp&w=32&q=75,https://owperks.com/perks-icons/reconstitution.webp,https://owperks.com/_next/image?url=%2Fheroes-icons%2Fhazard.webp&w=64&q=75,https://owperks.com/ko/tanks/hazard,2026-05-01
해저드,hazard,Tank,tanks,minor,깊숙이 달려들기,72,deep_leap,https://owperks.com/_next/image?url=%2Fperks-icons%2Fdeep_leap.webp&w=32&q=75,https://owperks.com/perks-icons/deep_leap.webp,https://owperks.com/_next/image?url=%2Fheroes-icons%2Fhazard.webp&w=64&q=75,https://owperks.com/ko/tanks/hazard,2026-05-01
해저드,hazard,Tank,tanks,minor,무정부 광신자,28,anarchic_zeal,https://owperks.com/_next/image?url=%2Fperks-icons%2Fanarchic_zeal.webp&w=32&q=75,https://owperks.com/perks-icons/anarchic_zeal.webp,https://owperks.com/_next/image?url=%2Fheroes-icons%2Fhazard.webp&w=64&q=75,https://owperks.com/ko/tanks/hazard,2026-05-01
